{
  "framework": "CIS Critical Security Controls",
  "framework_version": "8.0",
  "scan_target": ".",
  "scan_date": "2025-09-03T18:16:50.153725+00:00",
  "auditor": "Security Team",
  "organization": "Enterprise Organization",
  "total_controls": 3,
  "compliant_controls": 0,
  "non_compliant_controls": 2,
  "needs_review_controls": 1,
  "compliance_percentage": 0.0,
  "executive_summary": "EXECUTIVE SUMMARY\n\nThis automated security audit evaluated 3 applicable CIS Critical Security Controls controls using industry-standard SAST, SCA, and secrets detection tools.\n\nCOMPLIANCE OVERVIEW:\n\u2022 Overall Compliance Rate: 0.0%\n\u2022 Fully Compliant Controls: 0 (0.0% of applicable controls)\n\u2022 Non-Compliant Controls: 2 (66.7% of applicable controls)  \n\u2022 Controls Requiring Review: 1 (33.3% of applicable controls)\n\nRISK ASSESSMENT:\n\u2022 RISK LEVEL: CRITICAL - Extensive non-compliance requiring urgent action",
  "detailed_findings": [
    {
      "control_id": "CIS-2",
      "scanner": "safety, semgrep",
      "finding_count": 1,
      "critical_count": 0,
      "high_count": 1,
      "medium_count": 0,
      "low_count": 0,
      "status": "non_compliant",
      "evidence_files": [
        "requirements.txt"
      ],
      "remediation_notes": "Control CIS-2 has 1 findings. IMMEDIATE REMEDIATION REQUIRED: Address fundamental security controls as highest priority."
    },
    {
      "control_id": "CIS-16",
      "scanner": "trufflehog, bandit",
      "finding_count": 3,
      "critical_count": 1,
      "high_count": 1,
      "medium_count": 1,
      "low_count": 0,
      "status": "non_compliant",
      "evidence_files": [
        ".env",
        "app.py",
        "utils.py"
      ],
      "remediation_notes": "Control CIS-16 has 3 findings. IMMEDIATE REMEDIATION REQUIRED: Strengthen core security infrastructure."
    },
    {
      "control_id": "CIS-18",
      "scanner": "bandit, semgrep, safety",
      "finding_count": 3,
      "critical_count": 0,
      "high_count": 2,
      "medium_count": 1,
      "low_count": 0,
      "status": "needs_review",
      "evidence_files": [
        "app.py",
        "utils.py",
        "requirements.txt"
      ],
      "remediation_notes": "Control CIS-18 has 3 findings. REVIEW RECOMMENDED: Review governance and policy frameworks."
    }
  ],
  "recommendations": [
    "IMMEDIATE ACTION: Address 1 controls with critical security findings. These represent severe security vulnerabilities requiring urgent remediation.",
    "HIGH PRIORITY: Remediate 3 controls with high-severity findings within 30 days.",
    "COMPLIANCE REMEDIATION: 2 controls are currently non-compliant. Develop remediation plans with defined timelines and responsible parties.",
    "Implement automated security scanning in CI/CD pipelines to prevent regression.",
    "Establish regular security audit cycles (quarterly recommended).",
    "Provide security training to development teams on secure coding practices.",
    "Document all remediation efforts for audit trail purposes.",
    "Consider engaging security consultants for complex compliance requirements."
  ],
  "attestation": {
    "auditor_statement": "This security audit was conducted using AuditHound automated scanning tools in accordance with CIS Critical Security Controls 8.0 controls.",
    "methodology": "Automated static analysis using Bandit, Semgrep, Safety, TruffleHog, and Checkov scanners",
    "scope": "Source code and infrastructure analysis of .",
    "limitations": "This automated audit covers technical controls only. Manual review of business processes and physical controls is recommended.",
    "auditor": "Security Team",
    "auditor_title": "Security Analyst",
    "audit_firm": "Enterprise Organization",
    "date": "2025-09-03T18:16:50.153725+00:00"
  }
}